-- phpMyAdmin SQL Dump
-- version 5.2.1
-- https://www.phpmyadmin.net/
--
-- 主機： 127.0.0.1
-- 產生時間： 2026-05-27 08:44:26
-- 伺服器版本： 10.4.32-MariaDB
-- PHP 版本： 8.2.12

SET SQL_MODE = "NO_AUTO_VALUE_ON_ZERO";
START TRANSACTION;
SET time_zone = "+00:00";


/*!40101 SET @OLD_CHARACTER_SET_CLIENT=@@CHARACTER_SET_CLIENT */;
/*!40101 SET @OLD_CHARACTER_SET_RESULTS=@@CHARACTER_SET_RESULTS */;
/*!40101 SET @OLD_COLLATION_CONNECTION=@@COLLATION_CONNECTION */;
/*!40101 SET NAMES utf8mb4 */;

--
-- 資料庫： `dbs_lab_library`
--

-- --------------------------------------------------------

--
-- 資料表結構 `book`
--

CREATE TABLE `book` (
  `book_id` varchar(13) NOT NULL COMMENT 'ISBN-13碼',
  `title` varchar(300) NOT NULL COMMENT '書名',
  `author` varchar(100) NOT NULL COMMENT '作者',
  `category_id` char(3) NOT NULL COMMENT '中文圖書分類法-3碼',
  `status` int(1) NOT NULL COMMENT '書本借出狀態',
  `keyword` varchar(100) NOT NULL COMMENT '關鍵字'
) ENGINE=InnoDB DEFAULT CHARSET=utf8mb4 COLLATE=utf8mb4_general_ci;

--
-- 傾印資料表的資料 `book`
--

INSERT INTO `book` (`book_id`, `title`, `author`, `category_id`, `status`, `keyword`) VALUES
('9781119586166', 'Operating System Concepts, 10/e (IE-Paperback)', 'Abraham Silberschatz , Greg Gagne , Peter Baer Galvin', '312', 0, ''),
('9786267889213', 'AI 時代一定要會 - 精通 Markdown 語法和 LLM 順暢溝通', '畢小朋', '312', 1, 'LLM'),
('9789861000001', '深入淺出 Kotlin', 'Dawn Griffiths', '312', 0, 'Kotlin,程式語言'),
('9789861000002', 'Kotlin 權威指南', 'Dmitry Jemerov', '312', 0, 'Kotlin,Java'),
('9789861000003', 'Android 實戰開發：使用 Kotlin', '林信良', '312', 0, 'Android,Kotlin,Mobile'),
('9789861000004', 'Jetpack Compose UI 開發實戰', '陳小明', '312', 0, 'Jetpack Compose,UI,Android'),
('9789861000005', '深入理解 Android 核心機制', '鄧凡平', '312', 0, 'Android,OS'),
('9789861000006', 'Kotlin Coroutines 協程非同步開發', '王大偉', '312', 0, 'Kotlin,Coroutines,非同步'),
('9789861000007', 'Android Studio 效能調校與 UI 最佳化', '李四', '312', 0, 'Android Studio,UI'),
('9789861000008', 'Kotlin 設計模式實務', '張三', '312', 0, 'Kotlin,Design Patterns'),
('9789861000009', '現代 Android 應用架構指南', 'Google Developers', '312', 0, 'Android,Architecture'),
('9789861000010', '從 Java 到 Kotlin：無痛轉移指南', 'Nat Pryce', '312', 0, 'Java,Kotlin'),
('9789861000011', 'Ktor 實戰開發：打造輕量級後端', 'Hadi Hariri', '312', 0, 'Ktor,Kotlin,Backend'),
('9789861000012', 'Kotlin 伺服器端開發指南', 'Peter Sommerhoff', '312', 0, 'Kotlin,Server,API'),
('9789861000013', 'Exposed ORM 與資料庫開發', 'JetBrains', '312', 0, 'Exposed,ORM,Kotlin'),
('9789861000014', 'SQL Server 2022 管理與優化', '陳會安', '312', 0, 'SQL Server,Database'),
('9789861000015', 'T-SQL 查詢的藝術', 'Itzik Ben-Gan', '312', 0, 'T-SQL,SQL Server'),
('9789861000016', 'PHP 8 網頁程式設計實務', '黃建庭', '312', 0, 'PHP,Web'),
('9789861000017', 'PHP 與 MySQL 網站開發全端實戰', 'Luke Welling', '312', 0, 'PHP,MySQL,XAMPP'),
('9789861000018', 'RESTful API 設計準則', 'Mark Masse', '312', 0, 'API,RESTful'),
('9789861000019', '後端系統架構設計與微服務', 'Sam Newman', '312', 0, 'Microservices,Backend'),
('9789861000020', '圖書館管理系統開發實務', '資訊工程系', '312', 0, 'PHP,MySQL,專案開發'),
('9789861000021', 'TCP/IP 詳解 卷一：協定', 'W. Richard Stevens', '312', 0, 'TCP/IP,網路'),
('9789861000022', 'C 語言 Socket 網路程式設計', 'Peter Seebach', '312', 0, 'C語言,Socket,Network'),
('9789861000023', '網路壅塞控制與 RTO 演算法', 'John Day', '312', 0, 'TCP,Congestion Control,RTO'),
('9789861000024', 'ICMP 協定分析與網路除錯', 'Gary R. Wright', '312', 0, 'ICMP,Ping,Network'),
('9789861000025', 'C 語言程式設計與資料結構', '洪維恩', '312', 0, 'C語言,資料結構'),
('9789861000026', 'Linux 系統程式設計', 'Robert Love', '312', 0, 'Linux,C,System'),
('9789861000027', 'Ubuntu 22.04 伺服器建置與管理', '鳥哥', '312', 0, 'Ubuntu,Linux,Server'),
('9789861000028', '鳥哥的 Linux 私房菜：基礎學習篇', '鳥哥', '312', 0, 'Linux,CLI'),
('9789861000029', 'VirtualBox 虛擬化技術與實務', '張宏政', '312', 0, 'VirtualBox,VM'),
('9789861000030', 'Shell Script 腳本程式設計大全', 'Richard Blum', '312', 0, 'Shell,Bash,Linux'),
('9789861000031', 'Vue.js 3 漸進式前端框架實戰', '張大頭', '312', 0, 'Vue.js,前端'),
('9789861000032', 'Element Plus UI 元件庫指南', 'Element Team', '312', 0, 'Element Plus,Vue,UI'),
('9789861000033', 'Bootstrap 5 網頁排版與響應式設計', '金城武', '312', 0, 'Bootstrap,CSS,RWD'),
('9789861000034', 'JavaScript 核心觀念與進階實戰', 'Kyle Simpson', '312', 0, 'JavaScript,JS'),
('9789861000035', 'HTML5 與 CSS3 現代網頁設計', 'Jon Duckett', '312', 0, 'HTML,CSS'),
('9789861000036', '前端工程師的 SPA 開發指南', 'Evan You', '312', 0, 'SPA,Vue,Frontend'),
('9789861000037', 'Vite 前端建置工具實務', 'Anthony Fu', '312', 0, 'Vite,Node.js'),
('9789861000038', '網頁效能優化與 UX 提升', 'Ilya Grigorik', '312', 0, 'UX,Performance'),
('9789861000039', 'TypeScript 實用指南', 'Basarat Ali Syed', '312', 0, 'TypeScript,JS'),
('9789861000040', 'CSS Flexbox 與 Grid 佈局聖經', 'Rachel Andrew', '312', 0, 'CSS,Flexbox,Grid'),
('9789861000041', '醫學影像處理與 MATLAB 實作', '陳志宏', '312', 0, 'MATLAB,醫學影像'),
('9789861000042', '核磁共振造影 (MRI) 物理學概論', '王建民', '415', 0, 'MRI,醫學物理'),
('9789861000043', '磁共振頻譜 (MRS) 分析與應用', '李依依', '415', 0, 'MRS,頻譜分析'),
('9789861000044', 'LCModel 頻譜參數最佳化與重建', 'Stephen Provencher', '312', 0, 'LCModel,MRS,Data'),
('9789861000045', 'MRI 脈衝序列設計：SE, GE 與 EPI', 'Matt A. Bernstein', '415', 0, 'MRI,Pulse Sequence'),
('9789861000046', 'MATLAB 數位訊號處理', 'Vinay K. Ingle', '312', 0, 'MATLAB,DSP'),
('9789861000047', '生醫訊號處理與分析', 'Eugene N. Bruce', '415', 0, '生醫訊號,醫學工程'),
('9789861000048', '3T 1H MRS 代謝物定量技術', '張明哲', '415', 1, 'MRS,Creatine,Phosphocreatine'),
('9789861000049', '醫學影像重建演算法', 'Gabor T. Herman', '312', 0, '影像重建,Algorithm'),
('9789861000050', '臨床核磁共振造影實務', 'John A. Markisz', '415', 0, 'MRI,臨床醫學'),
('9789861000051', '深度學習與電腦視覺', 'Richard Szeliski', '312', 0, 'Computer Vision,AI'),
('9789861000052', 'Detectron2 物件偵測實戰', 'Facebook AI', '312', 0, 'Detectron2,AI,Python'),
('9789861000053', 'VideoPose3D 3D姿態估計與重建', 'Dario Pavllo', '312', 0, 'VideoPose3D,Pose Estimation'),
('9789861000054', 'OpenCV 與 Python 影像處理', 'Adrian Rosebrock', '312', 0, 'OpenCV,Python'),
('9789861000055', 'PyTorch 深度學習權威指南', 'Eli Stevens', '312', 0, 'PyTorch,Deep Learning'),
('9789861000056', '圖形化介面 (GUI) 設計與 AI 串接', 'Alan Cooper', '312', 0, 'GUI,AI,Pipeline'),
('9789861000057', 'Python 人工智慧實作', 'Stuart Russell', '312', 0, 'Python,AI'),
('9789861000058', '生成式 AI 與 LLM 應用開發', 'OpenAI', '312', 0, 'LLM,OpenRouter,Chatbot'),
('9789861000059', '機器學習演算法詳解', '林軒田', '312', 0, 'Machine Learning,演算法'),
('9789861000060', 'AI 聊天機器人後端架構設計', '陳建銘', '312', 1, 'Chatbot,API,Backend'),
('9789861000061', '新制日檢！絕對合格 N3 文法大全', '山田太郎', '803', 0, '日文,JLPT,N3'),
('9789861000062', '新日檢 N2 語彙單字王', '田中花子', '803', 0, '日文,JLPT,N2'),
('9789861000063', '日本語能力試驗對策：N2 讀解', '佐佐木明', '803', 0, '日文,讀解'),
('9789861000064', '進階日文文法與句型解析', '王秋陽', '803', 0, '日文,文法'),
('9789861000065', '日文流行歌曲歌詞解析與翻譯', '鈴木健一', '803', 0, '日文,翻譯,音樂'),
('9789861000066', 'N2 聽解完全攻略', '林彩惠', '803', 0, '日文,聽解'),
('9789861000067', '實用日語會話與職場對應', '高橋實', '803', 0, '日文,會話'),
('9789861000068', '中日文翻譯技巧與實務', '陳敏', '803', 0, '日文,翻譯'),
('9789861000069', '日語敬語大辭典', '五十嵐隆', '803', 0, '日文,敬語'),
('9789861000070', 'N3 模擬試題與解析', '山田教育', '803', 0, '日文,JLPT,考試'),
('9789861000071', 'Clean Code 程式碼整潔之道', 'Robert C. Martin', '312', 0, 'Clean Code,軟體工程'),
('9789861000072', '重構：改善既有程式的設計', 'Martin Fowler', '312', 0, 'Refactoring,架構'),
('9789861000073', '人月神話：軟體專案管理', 'Frederick P. Brooks', '494', 0, '專案管理,軟體工程'),
('9789861000074', 'Scrum 敏捷軟體開發', 'Ken Schwaber', '494', 0, 'Scrum,Agile,PM'),
('9789861000075', '職場溝通與團隊動力學', 'Edgar H. Schein', '494', 0, '溝通,團隊合作'),
('9789861000076', '軟體工程師求職面試全攻略', 'Gayle Laakmann McDowell', '312', 0, '面試,求職'),
('9789861000077', '科技業人資不說的履歷秘訣', '104人力銀行', '494', 0, '履歷,面試,HR'),
('9789861000078', '化解職場衝突與接手專案', 'Crucial Conversations', '494', 0, '職場,專案交接'),
('9789861000079', 'Git 版本控制與團隊協作', 'Scott Chacon', '312', 0, 'Git,Github'),
('9789861000080', '持續整合與部署 CI/CD 實務', 'Jez Humble', '312', 0, 'CI/CD,DevOps'),
('9789861000081', '演算法導論 (Introduction to Algorithms)', 'Thomas H. Cormen', '319', 0, '演算法,數學'),
('9789861000082', '資料結構：使用 C 與 Kotlin', '李國維', '312', 0, 'Data Structure,C,Kotlin'),
('9789861000083', 'Operating System Concepts (恐龍書)', 'Abraham Silberschatz', '312', 0, 'OS,作業系統'),
('9789861000084', '計算機組織與設計：硬體/軟體介面', 'David A. Patterson', '312', 0, '計組,Hardware'),
('9789861000085', '編譯器設計原理與實作', 'Alfred V. Aho', '312', 0, 'Compiler,編譯器'),
('9789861000086', 'Lazarus 與 Free Pascal 開發指南', 'Michael Van Canneyt', '312', 0, 'Lazarus,Pascal,編譯'),
('9789861000087', 'Cheat Engine 與 32-bit 記憶體分析', 'Dark Byte', '312', 0, 'Cheat Engine,記憶體,32-bit'),
('9789861000088', 'Linux 核心設計與實作', 'Robert Love', '312', 0, 'Linux,Kernel'),
('9789861000089', '系統效能分析與優化', 'Brendan Gregg', '312', 0, 'Performance,System'),
('9789861000090', '密碼學與網路安全', 'William Stallings', '312', 0, 'Security,密碼學'),
('9789861000091', 'Docker 容器化部署實戰', 'James Turnbull', '312', 0, 'Docker,DevOps'),
('9789861000092', 'Kubernetes 權威指南', 'Kelsey Hightower', '312', 0, 'Kubernetes,K8s'),
('9789861000093', 'Redis 核心技術與應用', '黃健宏', '312', 0, 'Redis,Database'),
('9789861000094', 'Nginx 高效能 Web 伺服器', 'Igor Sysoev', '312', 0, 'Nginx,Server'),
('9789861000095', 'VS Code 擴充套件開發實務', 'Erich Gamma', '312', 0, 'VS Code,IDE'),
('9789861000096', 'API 設計與架構', 'James Higginbotham', '312', 0, 'API,Architecture'),
('9789861000097', 'Postman 與 API 自動化測試', 'Dave Westerveld', '312', 0, 'Postman,Test'),
('9789861000098', 'Markdown 與技術文件寫作', 'John Gruber', '312', 0, 'Markdown,Document'),
('9789861000099', '設計模式：可復用物件導向軟體元素', 'GoF', '312', 0, 'Design Patterns,OOP'),
('9789861000100', '精通正規表達式 (Regular Expressions)', 'Jeffrey E.F. Friedl', '312', 0, 'Regex,正規表達式'),
('9789862000001', '四庫全書珍本考', '王大明', '000', 0, '特藏,古籍'),
('9789862000002', '宋代刻本特藏圖錄', '李小華', '000', 0, '特藏,宋版書'),
('9789862000003', '中國目錄學史', '姚名達', '010', 0, '目錄學,歷史'),
('9789862000004', '西方目錄學基礎', 'John Smith', '010', 0, '目錄學,西方'),
('9789862000005', '現代圖書資訊學導論', '林信成', '020', 0, '圖書館學,資訊科學'),
('9789862000006', '數位圖書館建置實務', '張建民', '020', 0, '數位典藏,圖書館'),
('9789862000007', '國學常識精要', '邱燮友', '030', 0, '國學,基礎'),
('9789862000008', '國學導讀與解析', '陳鐵民', '030', 0, '國學,導讀'),
('9789862000009', '大英百科全書精華', 'Encyclopedia Britannica', '040', 0, '百科全書,常識'),
('9789862000010', '中華兒童百科全書', '台灣東方出版社', '040', 0, '百科全書,兒童'),
('9789862000011', '學術期刊出版與影響力', '王梅玲', '050', 0, '期刊,出版'),
('9789862000012', '科學人雜誌精選集', 'Scientific American', '050', 0, '雜誌,科學'),
('9789862000013', '國際非營利組織研究', '林淑馨', '060', 0, '會社,NPO'),
('9789862000014', '台灣基金會發展史', '陳金貴', '060', 0, '基金會,組織'),
('9789862000015', '胡適文存', '胡適', '070', 0, '論叢,胡適'),
('9789862000016', '殷海光全集', '殷海光', '070', 0, '論叢,自由主義'),
('9789862000017', '漢譯世界學術名著叢書', '商務印書館', '080', 0, '叢書,翻譯'),
('9789862000018', '萬有文庫精選', '王雲五', '080', 0, '叢書,文庫'),
('9789862000019', '十三經注疏', '阮元', '090', 0, '經學,注疏'),
('9789862000020', '經學通論', '皮錫瑞', '090', 0, '經學,通論'),
('9789862000021', '哲學的慰藉', 'Alain de Botton', '100', 0, '哲學,人生'),
('9789862000022', '哲學概論', '林火旺', '100', 0, '哲學,基礎'),
('9789862000023', '中國哲學史', '馮友蘭', '120', 0, '中國哲學,歷史'),
('9789862000024', '先秦諸子思想', '錢穆', '120', 0, '先秦,諸子百家'),
('9789862000025', '印度哲學史', '中村元', '130', 0, '東方哲學,印度'),
('9789862000026', '武士道：日本的靈魂', '新渡戶稻造', '130', 0, '日本哲學,武士道'),
('9789862000027', '西方哲學史', 'Bertrand Russell', '140', 0, '西方哲學,歷史'),
('9789862000028', '純粹理性批判', 'Immanuel Kant', '140', 0, '康德,西方哲學'),
('9789862000029', '邏輯學導論', 'Irving M. Copi', '150', 0, '邏輯,思考'),
('9789862000030', '符號邏輯', '陳瑞麟', '150', 0, '符號邏輯,數理邏輯'),
('9789862000031', '形上學', 'Aristotle', '160', 0, '形上學,亞里斯多德'),
('9789862000032', '本體論的探究', 'Quine', '160', 0, '本體論,哲學'),
('9789862000033', '心理學導論', 'Richard Gerrig', '170', 0, '心理學,概論'),
('9789862000034', '大腦與行為：生理心理學', 'Bob Garrett', '170', 0, '生理心理學,大腦'),
('9789862000035', '美學理論', 'Theodor W. Adorno', '180', 0, '美學,藝術哲學'),
('9789862000036', '美的歷史', 'Umberto Eco', '180', 0, '美學,歷史'),
('9789862000037', '倫理學', 'Aristotle', '190', 0, '倫理學,道德'),
('9789862000038', '實用倫理學', 'Peter Singer', '190', 0, '倫理學,生命倫理'),
('9789862000039', '知識論', '理查·費爾德曼', '161', 0, '知識論,哲學'),
('9789862000040', '科學革命的結構', 'Thomas S. Kuhn', '153', 0, '科學方法,典範轉移'),
('9789862000041', '世界宗教理念史', 'Mircea Eliade', '200', 0, '宗教史,神聖'),
('9789862000042', '宗教心理學', 'William James', '200', 0, '宗教,心理學'),
('9789862000043', '宗教學概論', '呂大吉', '210', 0, '宗教學,概論'),
('9789862000044', '比較宗教學', 'Max Muller', '210', 0, '比較宗教,研究'),
('9789862000045', '金剛經講義', '江味農', '220', 0, '佛教,金剛經'),
('9789862000046', '禪宗史實與思想', '印順導師', '220', 0, '佛教,禪宗'),
('9789862000047', '道德經', '老子', '230', 0, '道教,老子'),
('9789862000048', '莊子內篇註', '王夫之', '230', 0, '道教,莊子'),
('9789862000049', '聖經：和合本', '聖經公會', '240', 0, '基督教,聖經'),
('9789862000050', '基督教神學概論', 'Alister E. McGrath', '240', 0, '基督教,神學'),
('9789862000051', '古蘭經', '真主', '250', 0, '伊斯蘭教,經典'),
('9789862000052', '伊斯蘭世界：歷史與文化', 'Albert Hourani', '250', 0, '伊斯蘭,中東'),
('9789862000053', '猶太教史', 'Paul Johnson', '260', 0, '猶太教,歷史'),
('9789862000054', '塔木德精華', '猶太智者', '260', 0, '猶太教,塔木德'),
('9789862000055', '台灣民間信仰', '林美容', '270', 0, '民間信仰,台灣'),
('9789862000056', '印度教與婆羅門教', 'K. M. Sen', '270', 0, '印度教,婆羅門'),
('9789862000057', '希臘羅馬神話', 'Edith Hamilton', '280', 0, '神話,希臘'),
('9789862000058', '山海經圖解', '郭璞', '280', 0, '神話,山海經'),
('9789862000059', '易經卜卦實用指南', '周文王', '290', 0, '術數,易經'),
('9789862000060', '風水堪輿學', '楊筠松', '290', 0, '術數,風水'),
('9789862000061', '時間簡史', 'Stephen Hawking', '300', 0, '科學,宇宙'),
('9789862000062', '萬物簡史', 'Bill Bryson', '300', 0, '科學史,科普'),
('9789862000063', '微積分之倚天寶劍', '林琦焜', '310', 0, '數學,微積分'),
('9789862000064', '線性代數與應用', 'Gilbert Strang', '310', 0, '數學,線性代數'),
('9789862000065', '天文學觀測指南', 'Ian Ridpath', '320', 0, '天文,觀測'),
('9789862000066', '黑洞與時間彎曲', 'Kip S. Thorne', '320', 0, '天文,黑洞'),
('9789862000067', '費曼物理學講義', 'Richard P. Feynman', '330', 0, '物理,費曼'),
('9789862000068', '量子力學概論', 'David J. Griffiths', '330', 0, '物理,量子力學'),
('9789862000069', '有機化學', 'John McMurry', '340', 0, '化學,有機'),
('9789862000070', '物理化學原理', 'Peter Atkins', '340', 0, '化學,物理化學'),
('9789862000071', '地球科學基礎', 'Edward J. Tarbuck', '350', 0, '地球科學,地質'),
('9789862000072', '板塊構造與板塊運動', 'Philip Kearey', '350', 0, '地質學,板塊'),
('9789862000073', '生物學 (Campbell)', 'Jane B. Reece', '360', 0, '生物學,Campbell'),
('9789862000074', '自私的基因', 'Richard Dawkins', '360', 0, '演化論,基因'),
('9789862000075', '植物生理學', 'Lincoln Taiz', '370', 0, '植物學,生理'),
('9789862000076', '台灣特有植物圖鑑', '潘富俊', '370', 0, '植物學,台灣'),
('9789862000077', '動物行為學', 'John Alcock', '380', 0, '動物學,行為'),
('9789862000078', '脊椎動物解剖學', 'Kenneth V. Kardong', '380', 0, '動物學,解剖'),
('9789862000079', '人類的演化', 'Richard Klein', '390', 0, '人類學,演化'),
('9789862000080', '人體生理學', 'Arthur C. Guyton', '390', 0, '生理學,醫學'),
('9789862000081', '科技的抉擇', 'Kevin Kelly', '400', 0, '應用科學,科技'),
('9789862000082', '技術史與人類文明', 'Arnold Pacey', '400', 0, '科技史,文明'),
('9789862000083', '哈里遜內科學', 'Dennis L. Kasper', '410', 0, '醫學,內科'),
('9789862000084', '黃帝內經', '岐伯', '410', 0, '中醫,醫學'),
('9789862000085', '家政與生活管理', '陳美玲', '420', 0, '家政,生活'),
('9789862000086', '營養學與飲食搭配', '王麗真', '420', 0, '營養,飲食'),
('9789862000087', '現代農業概論', '林木連', '430', 0, '農業,農藝'),
('9789862000088', '有機農業與土壤保護', '陳世雄', '430', 0, '有機,農業'),
('9789862000089', '材料力學', 'R. C. Hibbeler', '440', 0, '工程,材料'),
('9789862000090', '流體力學與應用', 'Yunus A. Cengel', '440', 0, '工程,流體'),
('9789862000091', '金屬材料學', 'William D. Callister', '450', 0, '礦冶,材料'),
('9789862000092', '採礦工程概論', 'Howard L. Hartman', '450', 0, '礦業,工程'),
('9789862000093', '化工熱力學', 'J. M. Smith', '460', 0, '化學工程,熱力學'),
('9789862000094', '單元操作與輸送現象', 'Warren L. McCabe', '460', 0, '化工,輸送'),
('9789862000095', '精密機械設計', 'Alexander Slocum', '470', 0, '製造,機械'),
('9789862000096', '自動化製造系統', 'Mikell P. Groover', '470', 0, '製造,自動化'),
('9789862000097', '國貿實務與操作', '張國華', '480', 0, '商業,國際貿易'),
('9789862000098', '電子商務經營策略', '林建煌', '480', 0, '商業,電商'),
('9789862000099', '管理學', 'Stephen P. Robbins', '490', 0, '商學,管理'),
('9789862000100', '行銷管理', 'Philip Kotler', '490', 0, '行銷,商學'),
('9789862000101', '社會學與台灣社會', '王振寰', '500', 0, '社會學,台灣'),
('9789862000102', '槍炮、病菌與鋼鐵', 'Jared Diamond', '500', 0, '人類學,社會科學'),
('9789862000103', '統計學：觀念與方法', '陳順宇', '510', 0, '統計學,機率'),
('9789862000104', '應用統計學', '林惠玲', '510', 0, '統計,應用'),
('9789862000105', '教育心理學', 'Robert E. Slavin', '520', 0, '教育,心理學'),
('9789862000106', '課程與教學設計', '黃政傑', '520', 0, '教育,課程'),
('9789862000107', '台灣民俗與節慶', '林茂賢', '530', 0, '民俗,台灣'),
('9789862000108', '文化人類學', 'Conrad Phillip Kottak', '530', 0, '人類學,文化'),
('9789862000109', '社會學的想像', 'C. Wright Mills', '540', 0, '社會學,理論'),
('9789862000110', '現代社會問題', '陳瑩峰', '540', 0, '社會問題,現代'),
('9789862000111', '經濟學原理', 'N. Gregory Mankiw', '550', 0, '經濟學,基礎'),
('9789862000112', '個體經濟學', 'Hal R. Varian', '550', 0, '經濟學,個經'),
('9789862000113', '貨幣銀行學', '李榮謙', '560', 0, '財政,銀行'),
('9789862000114', '財政學', 'Rosen', '560', 0, '財政,稅收'),
('9789862000115', '政治學', 'Andrew Heywood', '570', 0, '政治學,理論'),
('9789862000116', '國際關係總論', '張亞中', '570', 0, '國際關係,政治'),
('9789862000117', '民法總則', '王澤鑑', '580', 0, '法律,民法'),
('9789862000118', '刑法總則', '林山田', '580', 0, '法律,刑法'),
('9789862000119', '孫子兵法', '孫武', '590', 0, '軍事,兵法'),
('9789862000120', '現代戰略與國防', '李建華', '590', 0, '軍事,國防'),
('9789862000121', '國史大綱', '錢穆', '610', 0, '中國史,通史'),
('9789862000122', '萬曆十五年', '黃仁宇', '610', 0, '明史,歷史'),
('9789862000123', '三國志', '陳壽', '620', 0, '歷史,三國'),
('9789862000124', '史記', '司馬遷', '620', 0, '歷史,漢代'),
('9789862000125', '中國文化史', '柳詒徵', '630', 0, '文化史,中國'),
('9789862000126', '中國歷代政治得失', '錢穆', '630', 0, '政治史,文化'),
('9789862000127', '中國外交史', '李恩涵', '640', 0, '外交史,中國'),
('9789862000128', '晚清外交實錄', '陳明', '640', 0, '外交,清代'),
('9789862000129', '資治通鑑', '司馬光', '650', 0, '史料,編年體'),
('9789862000130', '明實錄', '明朝官方', '650', 0, '史料,明朝'),
('9789862000131', '中國歷史地理學', '譚其驤', '660', 0, '歷史地理,中國'),
('9789862000132', '中國地理總志', '王大林', '660', 0, '地理,中國'),
('9789862000133', '華北平原考', '張三', '670', 0, '地方志,華北'),
('9789862000134', '江南水鄉地理志', '李四', '670', 0, '地方志,華南'),
('9789862000135', '黃河水利史', '水利部', '680', 0, '水志,地理'),
('9789862000136', '五嶽名山圖考', '王五', '680', 0, '山志,名勝'),
('9789862000137', '徐霞客遊記', '徐霞客', '690', 0, '遊記,地理'),
('9789862000138', '大唐西域記', '玄奘', '690', 0, '遊記,歷史'),
('9789862000139', '長安都城考', '考古所', '681', 0, '都城,歷史'),
('9789862000140', '絲綢之路經濟地理', '趙六', '686', 0, '經濟地理,絲路'),
('9789862000141', '世界通史', '王曾才', '710', 0, '世界史,通史'),
('9789862000142', '文明之網', 'J.R. McNeill', '710', 0, '世界史,全球化'),
('9789862000143', '太平洋發展史', 'Arthur C. Clarke', '720', 0, '海洋志,太平洋'),
('9789862000144', '大西洋導航紀錄', 'John Cabot', '720', 0, '海洋志,大西洋'),
('9789862000145', '台灣史', '黃昭堂', '730', 0, '台灣史,亞洲'),
('9789862000146', '日本近代史', '坂野潤治', '730', 0, '日本史,亞洲'),
('9789862000147', '英國史', 'Kenneth O. Morgan', '740', 0, '英國,歐洲史'),
('9789862000148', '法國大革命', 'Georges Lefebvre', '740', 0, '法國,歐洲史'),
('9789862000149', '美國通史', 'George Brown Tindall', '750', 0, '美國史,美洲'),
('9789862000150', '拉丁美洲：被切開的血管', 'Eduardo Galeano', '750', 0, '拉丁美洲,歷史'),
('9789862000151', '非洲歷史與文化', 'Kevin Shillington', '760', 0, '非洲,歷史'),
('9789862000152', '埃及法老王時代', 'T.G.H. James', '760', 0, '埃及,非洲'),
('9789862000153', '澳洲建國史', 'Stuart Macintyre', '770', 0, '澳洲,大洋洲'),
('9789862000154', '紐西蘭原住民毛利史', 'Michael King', '770', 0, '紐西蘭,大洋洲'),
('9789862000155', '賈伯斯傳', 'Walter Isaacson', '780', 0, '傳記,科技'),
('9789862000156', '邱吉爾傳', 'Martin Gilbert', '780', 0, '傳記,歷史'),
('9789862000157', '古埃及文物展圖錄', '大英博物館', '790', 0, '文物,考古'),
('9789862000158', '殷墟甲骨文考', '董作賓', '790', 0, '甲骨文,考古'),
('9789862000159', '二戰回憶錄', 'Winston Churchill', '710', 0, '二戰,歷史'),
('9789862000160', '全球地理百科', 'National Geographic', '716', 0, '世界地理,百科'),
('9789862000161', '語言學導論', 'George Yule', '800', 0, '語言學,概論'),
('9789862000162', '漢字樹', '廖文豪', '800', 0, '漢字,語言學'),
('9789862000163', '文學理論導讀', 'Terry Eagleton', '810', 0, '文學理論,批評'),
('9789862000164', '諾貝爾文學獎全集', '多位作者', '810', 0, '世界文學,總集'),
('9789862000165', '紅樓夢', '曹雪芹', '820', 0, '中國文學,古典小說'),
('9789862000166', '唐詩三百首', '蘅塘退士', '820', 0, '唐詩,中國文學'),
('9789862000167', '古文觀止', '吳楚材', '830', 0, '古文,總集'),
('9789862000168', '宋詞三百首', '朱祖謀', '830', 0, '宋詞,總集'),
('9789862000169', '蘇軾詩文集', '蘇軾', '840', 0, '別集,宋代'),
('9789862000170', '李白全集', '李白', '840', 0, '別集,唐代'),
('9789862000171', '三國演義', '羅貫中', '850', 0, '小說,歷史'),
('9789862000172', '西遊記', '吳承恩', '850', 0, '小說,神話'),
('9789862000173', '源氏物語', '紫式部', '860', 0, '日本文學,古典'),
('9789862000174', '雪國', '川端康成', '860', 0, '日本文學,現代'),
('9789862000175', '莎士比亞全集', 'William Shakespeare', '870', 0, '英國文學,戲劇'),
('9789862000176', '傲慢與偏見', 'Jane Austen', '870', 0, '英國文學,小說'),
('9789862000177', '罪與罰', 'Fyodor Dostoevsky', '880', 0, '俄國文學,小說'),
('9789862000178', '百年孤寂', 'Gabriel Garcia Marquez', '880', 0, '拉丁美洲文學,魔幻寫實'),
('9789862000179', '新聞學概論', '彭家發', '890', 0, '新聞學,媒體'),
('9789862000180', '數位時代的採訪與寫作', '黃慧娟', '890', 0, '新聞寫作,數位'),
('9789862000181', '藝術的故事', 'E.H. Gombrich', '900', 0, '藝術史,藝術'),
('9789862000182', '現代藝術大系', 'H.H. Arnason', '900', 0, '現代藝術,歷史'),
('9789862000183', '基礎樂理', '林進祐', '910', 0, '音樂,樂理'),
('9789862000184', '古典音樂欣賞', '許常惠', '910', 0, '古典音樂,欣賞'),
('9789862000185', '建築的複雜與矛盾', 'Robert Venturi', '920', 0, '建築,設計'),
('9789862000186', '安藤忠雄的建築迷宮', '安藤忠雄', '920', 0, '建築,安藤忠雄'),
('9789862000187', '米開朗基羅雕塑集', 'Giorgio Vasari', '930', 0, '雕塑,文藝復興'),
('9789862000188', '羅丹藝術論', 'Auguste Rodin', '930', 0, '雕塑,羅丹'),
('9789862000189', '梵谷書信與素描', 'Vincent van Gogh', '940', 0, '繪畫,梵谷'),
('9789862000190', '西洋美術史', '劉其偉', '940', 0, '繪畫,美術史'),
('9789862000191', '攝影構圖學', 'Michael Freeman', '950', 0, '攝影,構圖'),
('9789862000192', '數位相機實務與後製', '陳秉豐', '950', 0, '攝影,Lightroom'),
('9789862000193', '色彩學原理與應用', '林書堯', '960', 0, '應用美術,色彩'),
('9789862000194', '室內設計基礎', 'Francis D.K. Ching', '960', 0, '室內設計,美術'),
('9789862000195', '台灣茶道', '吳振鐸', '970', 0, '茶藝,技藝'),
('9789862000196', '現代花藝設計', '日本華道會', '970', 0, '花藝,設計'),
('9789862000197', '劇場藝術導論', 'Oscar G. Brockett', '980', 0, '戲劇,劇場'),
('9789862000198', '電影蒙太奇理論', 'Sergei Eisenstein', '980', 0, '電影,導演'),
('9789862000199', '全球休閒旅遊概論', '李明晃', '990', 0, '觀光,休閒'),
('9789862000200', '棋盤上的博弈', 'Garry Kasparov', '990', 0, '遊藝,西洋棋'),
('9789863128458', 'Ollama 本地 AI 全方位攻略：命令列功能、五大主題測試、RAG、Vibe Coding、MCP，一本搞定所有實戰應用', '施威銘研究室', '312', 0, 'Ollama'),
('9789866052675', 'Computer Organization and Design: The Hardware/Software Interface, 5/e (Asian Edition)(IE-Paperback)', 'Hennessy Patterson', '312', 0, '');

-- --------------------------------------------------------

--
-- 資料表結構 `borrow`
--

CREATE TABLE `borrow` (
  `borrow_id` varchar(32) NOT NULL COMMENT 'uuid-32碼',
  `user_id` varchar(10) NOT NULL COMMENT '學號-10碼',
  `book_id` varchar(13) NOT NULL COMMENT 'ISBN-13碼',
  `borrow_date` date NOT NULL COMMENT '借書時間',
  `due_date` date NOT NULL COMMENT '到期時間',
  `return_date` date DEFAULT NULL COMMENT '還書時間，NULL = 尚未歸還'
) ENGINE=InnoDB DEFAULT CHARSET=utf8mb4 COLLATE=utf8mb4_general_ci;

--
-- 傾印資料表的資料 `borrow`
--

INSERT INTO `borrow` (`borrow_id`, `user_id`, `book_id`, `borrow_date`, `due_date`, `return_date`) VALUES
('2dca9e756d754f018eab26711799b777', 'A000000001', '9789861000060', '2026-05-08', '2026-05-22', NULL),
('372a696746d940a18d42bb27ea0727f8', 'A000000001', '9789861000048', '2026-05-08', '2026-05-22', '2026-05-08'),
('4532c89236ba495a81e1d06c6ab501cf', 'M143040001', '9786267889213', '2026-05-11', '2026-05-25', NULL),
('b13a85fe659e46bdad9c60dfe8812e07', 'M143040000', '9789861000048', '2026-05-08', '2026-05-22', NULL);

-- --------------------------------------------------------

--
-- 資料表結構 `category`
--

CREATE TABLE `category` (
  `category_id` char(3) NOT NULL COMMENT '中文圖書分類法-3碼',
  `name` varchar(50) NOT NULL COMMENT '分類名稱'
) ENGINE=InnoDB DEFAULT CHARSET=utf8mb4 COLLATE=utf8mb4_general_ci;

--
-- 傾印資料表的資料 `category`
--

INSERT INTO `category` (`category_id`, `name`) VALUES
('000', '特藏'),
('001', '善本'),
('002', '稿本'),
('003', '精鈔本；舊鈔本'),
('004', '紀念文庫'),
('005', '中山文庫'),
('006', '指定文庫'),
('007', '鄉土文庫'),
('008', '學位論文；送審論文'),
('009', '禁書'),
('010', '目錄學總論'),
('011', '圖書學'),
('012', '總目錄'),
('013', '國家書目'),
('014', '特種書目'),
('015', '其他特種目錄'),
('016', '專科目錄'),
('017', '個人目錄'),
('018', '藏書目錄'),
('019', '讀書法'),
('020', '圖書資訊學總論'),
('021', '圖書館建築；圖書館設備'),
('022', '圖書館管理'),
('023', '圖書館業務'),
('024', '各類圖書館；特殊圖書館'),
('025', '專門圖書館'),
('026', '普通圖書館；公共圖書館'),
('027', '檔案學；檔案館'),
('028', '資訊處理；資訊事業'),
('029', '私家藏書'),
('030', '國學總論'),
('031', '古籍源流'),
('032', '古籍讀法及研究'),
('033', '各國漢學研究'),
('038', '漢學會議'),
('039', '漢學家傳記'),
('040', '類書總論；百科全書總論'),
('041', '分類類書'),
('042', '摘錦類書'),
('043', '韻目類書'),
('044', '歲時類書'),
('046', '常識手冊'),
('047', '青少年百科全書；兒童百科全書'),
('049', '各國百科全書'),
('050', '連續性出版品；普通期刊'),
('051', '學術期刊'),
('052', '調查研究報告'),
('053', '機關雜誌'),
('054', '娛樂雜誌'),
('055', '婦女雜誌；家庭雜誌'),
('056', '青少年雜誌；兒童雜誌'),
('057', '普通畫報'),
('058', '普通年鑑'),
('059', '普通報紙'),
('060', '普通會社總論'),
('061', '國際性普通會社'),
('062', '中國普通會社'),
('063', '各國普通會社'),
('068', '基金會'),
('069', '博物館學'),
('070', '普通論叢'),
('071', '雜考'),
('072', '雜說'),
('074', '雜品'),
('075', '雜纂'),
('077', '西學雜論'),
('078', '現代論叢'),
('079', '各國論叢'),
('080', '普通叢書'),
('081', '明以前叢書'),
('082', '清代叢書；近代叢書'),
('083', '民國叢書；現代叢書'),
('084', '輯逸叢書'),
('085', '各國叢書'),
('086', '郡邑叢書'),
('087', '翻譯叢書；西學叢書'),
('088', '族姓叢書'),
('089', '自著叢書'),
('090', '經學通論'),
('091', '易經'),
('092', '書經'),
('093', '詩經'),
('094', '禮'),
('095', '春秋'),
('096', '孝經'),
('097', '四書'),
('098', '群經總義'),
('099', '小學及樂經'),
('100', '哲學總論'),
('101', '哲學理論'),
('103', '哲學教育及研究'),
('104', '哲學辭典'),
('105', '哲學期刊'),
('106', '哲學團體'),
('107', '哲學論文集'),
('108', '哲學叢書'),
('109', '哲學史'),
('110', '思想、學術概說'),
('112', '中國思想、學術'),
('113', '東方思想、學術'),
('114', '西洋思想、學術'),
('118', '知識的區分'),
('119', '人文學'),
('120', '中國哲學總論'),
('121', '先秦哲學'),
('122', '漢代哲學'),
('123', '魏晉六朝哲學'),
('124', '唐代哲學'),
('125', '宋元哲學'),
('126', '明代哲學'),
('127', '清代哲學'),
('128', '現代哲學'),
('130', '東方哲學總論'),
('131', '日本哲學'),
('132', '韓國哲學'),
('133', '猶太哲學'),
('134', '阿拉伯哲學'),
('135', '波斯哲學'),
('136', '中東各國哲學'),
('137', '印度哲學'),
('138', '東南亞各國哲學'),
('140', '西洋哲學總論'),
('141', '古代哲學'),
('142', '中世哲學'),
('143', '近世哲學'),
('144', '英國哲學'),
('145', '美國哲學'),
('146', '法國哲學'),
('147', '德奧哲學'),
('148', '義大利哲學'),
('149', '其他西洋各國哲學'),
('150', '邏輯總論'),
('151', '演繹邏輯'),
('152', '歸納邏輯'),
('153', '科學方法論'),
('154', '辯證邏輯'),
('155', '模態邏輯'),
('156', '數理邏輯'),
('157', '概率'),
('158', '專業邏輯'),
('159', '邏輯各論'),
('160', '形上學總論'),
('161', '知識論'),
('162', '方法論'),
('163', '宇宙論'),
('164', '本體論'),
('165', '價值論'),
('166', '真理論'),
('168', '宇宙論問題各論'),
('169', '存有論問題各論'),
('170', '心理學總論'),
('171', '心理學研究方法'),
('172', '生理心理學'),
('173', '一般心理'),
('174', '比較心理學'),
('175', '離常心理學；超心理學'),
('176', '心理學各論'),
('177', '應用心理學'),
('178', '臨床心理學'),
('179', '心理計量；心理測量'),
('180', '美學總論'),
('181', '美意識'),
('182', '美與感覺'),
('183', '美之形式'),
('184', '美之內容'),
('185', '審美情感'),
('186', '審美判斷'),
('188', '各派美學'),
('190', '倫理學總論'),
('191', '倫理學理論'),
('192', '個人倫理；修身'),
('193', '家庭倫理'),
('194', '性倫理；婚姻'),
('195', '社會倫理'),
('196', '國家倫理'),
('197', '生命倫理學'),
('198', '職業倫理'),
('199', '道德各論'),
('200', '宗教總論'),
('201', '宗教政策'),
('203', '宗教教育及研究'),
('204', '宗教辭典'),
('205', '宗教期刊'),
('206', '宗教團體'),
('207', '宗教論文集'),
('208', '宗教叢書'),
('209', '宗教史'),
('210', '宗教學總論'),
('211', '宗教經驗'),
('212', '宗教倫理道德'),
('213', '宗教行為及組織'),
('214', '宗教與文化'),
('215', '原始宗教'),
('216', '宗教觀念與思想'),
('217', '宗教交流'),
('218', '各宗教比較論；比較宗教學'),
('219', '宗教思想史；宗教學史'),
('220', '佛教總論'),
('221', '經及其釋'),
('222', '論及其釋'),
('223', '律及其釋'),
('224', '佛教儀制；佛教文藝'),
('225', '佛教佈教及信仰生活'),
('226', '佛教宗派'),
('227', '寺院'),
('228', '佛教史地'),
('229', '佛教傳記'),
('230', '道教總論'),
('231', '道藏'),
('233', '道教規律'),
('234', '道教儀式'),
('235', '道教修鍊'),
('236', '道教宗派'),
('237', '道觀及道教組織'),
('238', '道教史'),
('239', '道教傳記'),
('240', '基督教總論'),
('241', '聖經'),
('242', '神學；教義學'),
('243', '教義文獻'),
('244', '實際神學；儀式'),
('245', '教牧學'),
('246', '宗派'),
('247', '教會；社會神學'),
('248', '基督教史'),
('249', '基督教傳記'),
('250', '伊斯蘭教總論'),
('251', '伊斯蘭教經典'),
('252', '伊斯蘭教論疏'),
('253', '伊斯蘭教規律'),
('254', '伊斯蘭教儀式'),
('255', '伊斯蘭教佈教'),
('256', '伊斯蘭教宗派'),
('257', '伊斯蘭教教會及組織'),
('258', '伊斯蘭教史'),
('259', '伊斯蘭教傳記'),
('260', '猶太教總論'),
('261', '猶太教經典'),
('262', '猶太教教義'),
('263', '猶太教規律'),
('264', '猶太教儀式'),
('265', '猶太教佈教'),
('266', '猶太教宗派'),
('267', '猶太教教會及組織'),
('268', '猶太教史'),
('269', '猶太教傳記'),
('270', '其他宗教'),
('271', '中國其他宗教'),
('272', '祠祀'),
('273', '日本神道'),
('274', '婆羅門教；印度教'),
('275', '祆教'),
('276', '其他東方諸宗教'),
('277', '希臘羅馬之宗教'),
('278', '條頓系及北歐之宗教'),
('279', '其他'),
('280', '神話總論'),
('282', '中國神話'),
('283', '亞洲各國神話'),
('284', '西洋各國神話'),
('290', '術數總論'),
('291', '陰陽五行'),
('292', '占卜'),
('293', '命相'),
('294', '堪輿'),
('295', '巫術'),
('296', '通靈術；心靈術'),
('297', '異象奇聞；奇蹟'),
('298', '迷信；禁忌'),
('299', '各國迷信禁忌'),
('300', '科學總論'),
('301', '科學理論'),
('302', '科學參考工具'),
('303', '科學教育及研究'),
('304', '科學辭典'),
('305', '科學期刊'),
('306', '科學團體'),
('307', '科學論文集'),
('308', '科學叢書'),
('309', '科學史'),
('310', '數學總論'),
('311', '初等數學'),
('312', '電腦科學'),
('313', '代數'),
('314', '數學分析'),
('315', '拓樸學'),
('316', '幾何'),
('318', '數值分析'),
('319', '應用數學；機率'),
('320', '天文學總論'),
('321', '理論天文學'),
('322', '實用天文學'),
('323', '天體；天象'),
('324', '天文地理學；大地天文學'),
('325', '月球'),
('326', '太空科學'),
('327', '歲時；曆法；應用天文學'),
('328', '氣象學'),
('330', '物理學總論'),
('331', '理論物理學'),
('332', '力學'),
('333', '物質'),
('334', '聲學；聲音'),
('335', '熱學'),
('336', '光；光學'),
('337', '電學；電子學'),
('338', '磁學'),
('339', '現代物理'),
('340', '化學總論'),
('341', '分析化學'),
('342', '儀器分析化學'),
('343', '高分子化學'),
('345', '無機化學'),
('346', '有機化學'),
('347', '化學實驗及設備'),
('348', '物理化學'),
('349', '材料化學'),
('350', '地球科學總論；地質學總論'),
('351', '自然地理'),
('352', '歷史地質學'),
('353', '固態地球科學'),
('354', '動力地質學'),
('355', '經濟地質學'),
('356', '地質調查'),
('357', '礦物學'),
('358', '岩石學'),
('359', '古生物學'),
('360', '生物科學總論'),
('361', '普通生物學'),
('362', '演化論'),
('363', '遺傳學'),
('364', '細胞論'),
('365', '經濟生物學'),
('366', '生物分布；生物地理學'),
('367', '生態學'),
('368', '生物技術'),
('369', '微生物學'),
('370', '植物學總論'),
('371', '植物形態學'),
('373', '植物生理學'),
('374', '植物生態學'),
('375', '植物分類學'),
('376', '經濟植物學'),
('377', '種子植物'),
('378', '孢子植物'),
('379', '菌藻植物門'),
('380', '動物學總論'),
('381', '動物形態學'),
('382', '動物解剖學'),
('383', '動物生理學'),
('384', '經濟動物學'),
('385', '動物分佈；動物地理學'),
('386', '無脊椎動物'),
('387', '節肢動物門；緩步動物門；舌形動物門'),
('388', '半索動物門；脊索動物門'),
('389', '哺乳綱'),
('390', '人類學總論'),
('391', '體質人類學'),
('392', '人種學'),
('394', '人體解剖學'),
('395', '人體組織學；顯微解剖學'),
('396', '人體胚胎學'),
('397', '人體生理學'),
('398', '各部生理'),
('399', '生物化學；醫化學'),
('400', '應用科學總論'),
('401', '技術理論'),
('402', '技術參考工具'),
('403', '技術教育及研究'),
('404', '技術辭典'),
('406', '技術團體'),
('408', '技術叢書'),
('409', '技術史'),
('410', '醫藥總論'),
('411', '衛生學'),
('412', '公共衛生'),
('413', '中國醫學'),
('414', '中藥學'),
('415', '西醫學'),
('416', '外科'),
('417', '婦產科；老幼科'),
('418', '藥學；藥理學；治療學'),
('419', '醫院管理；醫事行政；護理'),
('420', '家政總論'),
('421', '家庭經濟；家庭管理'),
('422', '居住環境'),
('423', '衣飾；服裝'),
('425', '美容'),
('426', '家庭手藝'),
('427', '飲食；烹飪'),
('428', '育兒'),
('429', '家庭衛生'),
('430', '農業總論'),
('431', '農業經濟'),
('433', '農業氣象與災害'),
('434', '農藝'),
('435', '園藝'),
('436', '森林'),
('437', '畜牧與獸醫'),
('438', '魚業'),
('439', '農產加工'),
('440', '工程學總論'),
('441', '土木工程；建築工程'),
('442', '道路工程；鐵路工程'),
('443', '水利工程'),
('444', '船舶工程'),
('445', '市政工程；環境工程'),
('446', '機械工程'),
('447', '交通工具工程'),
('448', '電機工程'),
('449', '核子工程'),
('450', '礦冶總論'),
('451', '礦業經濟'),
('452', '探礦；採礦；選礦'),
('453', '金屬礦'),
('454', '冶金；合金'),
('456', '煤礦'),
('457', '石油礦；石油工業'),
('458', '非金屬礦'),
('460', '化學工程'),
('461', '化學藥品；化學工業'),
('462', '爆炸物；燃料；照明'),
('463', '食品工業'),
('464', '矽酸鹽工業'),
('465', '染料；顏料；塗料'),
('466', '油脂及界面活性劑工業'),
('467', '高分子化學工業'),
('468', '電化學工業'),
('469', '其他化學工業'),
('470', '製造總論'),
('471', '精密機械工藝'),
('472', '金屬工藝'),
('473', '石材工藝'),
('474', '木工藝；竹工藝'),
('475', '皮革工藝'),
('476', '造紙工藝'),
('477', '印刷工藝'),
('478', '纖維工程'),
('479', '其他工藝'),
('480', '商業總論'),
('481', '糧商業'),
('482', '其他農產品業'),
('483', '畜牧水產品業；飲食相關行業'),
('484', '機械業；電機資訊業'),
('485', '化學製品業'),
('486', '礦產品業'),
('487', '製造品業'),
('488', '紡織品業'),
('489', '其他各種營業'),
('490', '商學總論'),
('491', '商業地理'),
('492', '商政'),
('493', '商業實踐'),
('494', '企業管理'),
('495', '會計'),
('496', '商品學；市場學；行銷管理'),
('497', '廣告'),
('498', '商店'),
('499', '企業志；公司行號志'),
('500', '社會科學總論'),
('501', '社會科學理論'),
('502', '社會科學參考工具'),
('503', '社會科學教育及研究'),
('504', '社會科學辭典'),
('505', '社會科學期刊'),
('506', '社會科學團體'),
('507', '社會科學論文集'),
('508', '社會科學叢書'),
('509', '社會思想史'),
('510', '統計學總論'),
('511', '統計學各論'),
('512', '統計資料處理'),
('513', '統計機關'),
('514', '各國統計'),
('515', '人口統計'),
('516', '生命統計'),
('517', '國民所得統計'),
('518', '應用統計學'),
('519', '各科統計'),
('520', '教育總論'),
('521', '教育心理學；教學；課程'),
('522', '教師及師資培育'),
('523', '初等教育'),
('524', '中等教育'),
('525', '高等教育'),
('526', '教育行政'),
('527', '學校管理'),
('528', '各種教育'),
('529', '特殊人教育'),
('530', '禮俗總論'),
('531', '禮經'),
('532', '通禮'),
('533', '邦禮'),
('534', '家禮'),
('535', '民族學'),
('536', '民族志'),
('537', '原始文化'),
('538', '民俗學；各國風俗'),
('539', '民謠；傳說'),
('540', '社會學總論'),
('541', '社會學各論'),
('542', '社會問題'),
('543', '社會調查報告；社會計劃'),
('544', '家庭；族制'),
('545', '社區；環境'),
('546', '社會階層及組織'),
('547', '社會工作；社會福利'),
('548', '社會救濟'),
('549', '社會改革論'),
('550', '經濟學總論'),
('551', '經濟學各論'),
('552', '經濟史地'),
('553', '生產；企業；經濟政策'),
('554', '土地問題'),
('555', '產業；工業'),
('556', '勞工'),
('557', '交通'),
('558', '貿易'),
('559', '合作'),
('560', '財政學總論'),
('561', '貨幣；金融'),
('562', '銀行'),
('563', '金融各論'),
('564', '公共財政'),
('565', '各國財政狀況'),
('566', '地方財政'),
('567', '租稅'),
('568', '關稅'),
('570', '政治學總論'),
('571', '政治學各論'),
('572', '比較政府'),
('573', '中國政治制度'),
('574', '各國政治'),
('575', '地方制度；地方自治'),
('576', '政黨'),
('577', '移民及殖民'),
('578', '國際關係'),
('579', '國際法'),
('580', '法律總論'),
('581', '憲法'),
('582', '中國法規彙編'),
('583', '各國法規'),
('584', '民法'),
('585', '刑法'),
('586', '訴訟法'),
('587', '商事法'),
('588', '行政法'),
('589', '司法制度'),
('590', '軍事總論'),
('591', '軍制'),
('592', '兵法；作戰法'),
('593', '軍事教育；軍事訓練'),
('594', '軍需；後勤；軍人生活'),
('595', '軍事技術'),
('596', '陸軍'),
('597', '海軍'),
('598', '空軍'),
('599', '國防；防務'),
('600', '史地總論'),
('601', '史學'),
('602', '史學參考工具'),
('603', '史學教育及研究'),
('604', '史學辭典'),
('605', '史學期刊'),
('606', '史學團體'),
('607', '史學論文集'),
('608', '史學叢書'),
('609', '地理學'),
('610', '中國通史'),
('611', '中國史學理論'),
('612', '中國史學參考工具'),
('613', '中國史學教育'),
('614', '中國史學辭典'),
('615', '中國史學期刊'),
('616', '中國史學團體'),
('617', '中國史學論文集'),
('618', '中國史學叢書'),
('619', '中國史研究'),
('620', '中國斷代史'),
('621', '先秦'),
('622', '漢及三國'),
('623', '晉及南北朝'),
('624', '唐及五代'),
('625', '宋及遼金元'),
('626', '明'),
('627', '清'),
('628', '民國'),
('629', '中國方隅史'),
('630', '中國文化史'),
('631', '先秦文化史'),
('632', '漢及三國文化史'),
('633', '晉及南北朝文化史'),
('634', '唐及五代文化史'),
('635', '宋及遼金元文化史'),
('636', '明代文化史'),
('637', '清代文化史'),
('638', '現代文化史'),
('639', '中國民族史'),
('640', '中國外交史'),
('641', '前代中國外交史'),
('642', '現代中國外交史'),
('643', '中國與亞洲'),
('644', '中國與歐洲'),
('645', '中國與美洲'),
('646', '中國與非洲'),
('647', '中國與大洋洲'),
('648', '中國與國際機構'),
('649', '中國各地方外交史'),
('650', '中國史料'),
('651', '詔令'),
('652', '奏議；公牘'),
('653', '起居注'),
('654', '實錄'),
('655', '檔案'),
('656', '族檔'),
('657', '公報'),
('658', '中國史料叢刊'),
('659', '雜史料'),
('660', '中國地理總志'),
('661', '先秦地理志'),
('662', '漢及三國地理志'),
('663', '晉及南北朝地理志'),
('664', '唐及五代地理志'),
('665', '宋及遼金元地理志'),
('666', '明代地理志'),
('667', '清代地理志'),
('669', '中國歷史地理'),
('670', '中國地方志總論'),
('671', '華北地區'),
('672', '華中地區'),
('673', '華南地區'),
('674', '東北地區'),
('675', '塞北地區'),
('676', '西部地區'),
('680', '中國地理類志'),
('681', '都城；疆域'),
('682', '水志'),
('683', '山志'),
('684', '名勝古蹟'),
('685', '人文地理'),
('686', '經濟地理'),
('687', '人物'),
('689', '雜記'),
('690', '中國遊記'),
('710', '世界史地'),
('711', '世界通史'),
('712', '世界斷代史'),
('713', '世界文化史'),
('714', '世界外交史'),
('715', '世界史料'),
('716', '世界地理'),
('717', '世界區域志'),
('718', '世界地理類志'),
('719', '世界遊記'),
('720', '海洋志總論'),
('721', '太平洋'),
('722', '北太平洋'),
('723', '南太平洋'),
('724', '印度洋'),
('725', '大西洋'),
('726', '地中海'),
('727', '北極海'),
('728', '南極海'),
('729', '航海記彙編'),
('730', '亞洲史地總論'),
('731', '日本'),
('732', '韓國'),
('733', '臺灣'),
('734', '中亞'),
('735', '中東'),
('736', '西南亞'),
('737', '南亞；印度'),
('738', '東南亞'),
('739', '馬來群島'),
('740', '歐洲史地總論'),
('741', '英國'),
('742', '法國'),
('743', '德國'),
('744', '中歐'),
('745', '義大利'),
('746', '伊比利半島及諸小國'),
('747', '北歐'),
('748', '俄羅斯'),
('749', '東南歐'),
('750', '美洲史地總論'),
('751', '北美洲'),
('752', '美國'),
('753', '加拿大'),
('754', '拉丁美洲'),
('755', '中美諸國'),
('756', '南美洲'),
('757', '南美各國'),
('760', '非洲史地總論'),
('761', '埃及'),
('762', '衣索匹亞'),
('763', '撒哈拉'),
('764', '中非'),
('765', '東非'),
('766', '西非'),
('767', '西北非洲'),
('768', '南部非洲'),
('769', '非洲屬島'),
('770', '大洋洲總論'),
('771', '澳大利亞'),
('772', '紐西蘭'),
('774', '太平洋諸島嶼'),
('775', '美拉尼西亞'),
('776', '密克羅尼西亞'),
('777', '玻里尼西亞'),
('778', '北極'),
('779', '南極洲'),
('780', '傳記總論'),
('781', '世界傳記'),
('782', '中國傳記'),
('783', '亞洲傳記'),
('784', '歐洲傳記'),
('785', '美洲傳記'),
('786', '非洲傳記'),
('787', '大洋洲傳記'),
('789', '譜系'),
('790', '文物考古總論'),
('791', '文物彙考；金石志'),
('792', '甲骨'),
('793', '金屬器物'),
('794', '石'),
('795', '古書畫；古文書'),
('796', '磚瓦陶及雜器'),
('797', '中國古物志'),
('798', '各國古物志'),
('799', '史前文物考古'),
('800', '語言學總論'),
('801', '比較語言學'),
('802', '漢語'),
('803', '東方語言'),
('804', '印歐語系'),
('805', '日耳曼語族'),
('806', '斯拉夫語族'),
('807', '其他語系'),
('808', '美洲、非洲、大洋洲諸語言'),
('809', '人為語'),
('810', '文學總論'),
('811', '寫作；翻譯；演講'),
('812', '文藝創作及批評'),
('813', '世界文學總集'),
('815', '各種文學'),
('819', '比較文學'),
('820', '中國文學總論'),
('821', '中國詩論'),
('822', '辭賦論'),
('823', '詞論；詞話'),
('824', '中國戲曲論'),
('825', '中國散文論；語體文論；新文學論'),
('826', '中國雜文學論'),
('827', '中國小說論'),
('829', '中國文學批評史'),
('830', '中國文學總集'),
('831', '中國詩總集'),
('832', '辭賦總集'),
('833', '詞總集'),
('834', '中國戲曲總集'),
('835', '中國散文總集'),
('836', '中國國文課本'),
('837', '中國語體文總集'),
('838', '婦女作品總集'),
('839', '中國各地藝文總集'),
('840', '中國文學別集'),
('842', '漢及三國別集'),
('843', '晉及南北朝別集'),
('844', '唐及五代別集'),
('845', '宋及遼金元別集'),
('846', '明代別集'),
('847', '清代別集'),
('848', '現代別集'),
('850', '各地方文學；各民族文學；各體文學'),
('851', '中國詩'),
('852', '詞'),
('853', '曲'),
('854', '劇本'),
('855', '散文；隨筆；日記'),
('856', '函牘及雜著'),
('857', '小說'),
('858', '民間文學；俗文學'),
('859', '中國兒童文學'),
('860', '東方文學總論'),
('861', '日本文學'),
('862', '韓國文學'),
('863', '臺灣文學'),
('864', '中東文學'),
('865', '阿拉伯文學'),
('866', '伊朗文學'),
('867', '印度文學'),
('868', '東南亞文學'),
('869', '其他亞洲各國文學'),
('870', '西洋文學總論'),
('871', '古代西洋文學'),
('872', '近代西洋文學'),
('873', '英國文學'),
('874', '美國文學'),
('875', '德國文學'),
('876', '法國文學'),
('877', '義大利文學'),
('878', '西班牙文學'),
('879', '葡萄牙文學'),
('880', '俄國文學'),
('881', '北歐各國文學'),
('882', '中歐各國文學'),
('883', '東歐各國文學'),
('885', '美洲各國文學'),
('886', '非洲各國文學'),
('887', '大洋洲各國文學'),
('889', '西洋小說'),
('890', '新聞學總論'),
('891', '新聞政策；新聞法規'),
('892', '組織和管理'),
('893', '新聞編輯及報導'),
('894', '新聞業務；新聞經營'),
('895', '新聞採訪及新聞寫作'),
('896', '通訊社'),
('897', '各種新聞媒體'),
('898', '中國新聞事業'),
('899', '各國新聞事業'),
('900', '藝術總論'),
('901', '藝術理論'),
('902', '藝術圖譜'),
('903', '藝術教育及研究'),
('904', '藝術辭典'),
('905', '藝術期刊'),
('906', '藝術團體'),
('907', '藝術論文集'),
('908', '藝術叢書'),
('909', '藝術史'),
('910', '音樂總論'),
('911', '音樂理論'),
('912', '合奏及樂團'),
('913', '聲樂；歌曲'),
('914', '舞蹈音樂'),
('915', '戲劇音樂'),
('916', '弦樂'),
('917', '鍵盤樂器；敲擊樂器；電子與電腦樂器'),
('918', '管樂'),
('919', '民族音樂'),
('920', '建築藝術總論'),
('921', '建築藝術設計'),
('922', '中國建築'),
('923', '各國建築'),
('924', '宮殿；城廓'),
('925', '道路；橋梁'),
('926', '公共建築'),
('927', '宗教建築；陵墓'),
('928', '民屋；住宅'),
('929', '景觀建築'),
('930', '雕塑總論'),
('931', '篆刻；刻印'),
('932', '雕塑材料及技法'),
('933', '木雕'),
('934', '石雕'),
('935', '金屬雕刻'),
('936', '玉雕；象牙雕及其他'),
('937', '版畫'),
('938', '陶瓷雕塑；雕漆'),
('939', '塑造'),
('940', '繪畫總論'),
('941', '中國書畫'),
('942', '書法'),
('943', '法帖；拓本'),
('944', '中國畫'),
('945', '中國畫冊'),
('946', '東洋畫'),
('947', '西洋繪畫'),
('948', '各種西洋畫法'),
('949', '西洋畫各派'),
('950', '攝影總論'),
('951', '攝影器材設備'),
('952', '攝影技術'),
('953', '專題攝影技術'),
('954', '特殊攝影技術'),
('955', '攝影術之應用'),
('956', '電腦藝術'),
('957', '專題攝影集'),
('958', '普通攝影集'),
('959', '攝影業；攝影師'),
('960', '應用美術總論'),
('961', '圖案'),
('962', '裝飾文字'),
('963', '色彩及配色'),
('964', '工業美術'),
('966', '織品服飾工藝美術'),
('967', '室內裝飾'),
('968', '玻璃及金屬工藝美術'),
('969', '民間工藝美術'),
('970', '技藝總論'),
('971', '花藝；插花'),
('972', '紙藝'),
('973', '香道'),
('974', '茶藝；茶道'),
('976', '舞蹈；跳舞'),
('980', '戲劇總論'),
('981', '劇場藝術'),
('982', '中國戲劇'),
('983', '東洋戲劇'),
('984', '西洋戲劇'),
('985', '學校戲劇'),
('986', '偶戲'),
('987', '電影'),
('989', '其他各種戲劇'),
('990', '遊藝及休閒活動總論'),
('991', '公共娛樂'),
('992', '旅遊；觀光'),
('993', '戶外活動'),
('994', '水上運動'),
('995', '室內遊戲'),
('996', '兒童遊戲'),
('997', '智力遊戲'),
('998', '博戲'),
('999', '業餘遊玩；民俗藝術');

-- --------------------------------------------------------

--
-- 資料表結構 `notification`
--

CREATE TABLE `notification` (
  `notification_id` varchar(32) NOT NULL COMMENT 'uuid-32碼',
  `user_id` varchar(10) NOT NULL COMMENT '學號-10碼',
  `type_id` varchar(32) NOT NULL COMMENT 'uuid-32碼',
  `message` varchar(500) NOT NULL COMMENT '通知內容',
  `create_at` datetime NOT NULL COMMENT '通知時間'
) ENGINE=InnoDB DEFAULT CHARSET=utf8mb4 COLLATE=utf8mb4_general_ci;

--
-- 傾印資料表的資料 `notification`
--

INSERT INTO `notification` (`notification_id`, `user_id`, `type_id`, `message`, `create_at`) VALUES
('08f86fa2ba1d4bb3ab5c440e0e29e473', 'M143040000', 'c710a7074a9711f1b452d8bbc14df726', '您借閱的《3T 1H MRS 代謝物定量技術》有其他同學 蔡岳哲 希望借閱，請盡速歸還！', '2026-05-08 17:52:43'),
('0a30e8c4093c47338885a3b65bad81bb', 'M143040001', 'c710bffe4a9711f1b452d8bbc14df727', '歡迎 蔡岳哲 加入圖書館系統！', '2026-05-08 17:31:53'),
('4fb6a6f213564e158106219d107489a8', 'M143040001', 'c710bffe4a9711f1b452d8bbc14df726', '新書上架推薦：《Ollama 本地 AI 全方位攻略：命令列功能、五大主題測試、RAG、Vibe Coding、MCP，一本搞定所有實戰應用》已經可以借閱囉！', '2026-05-08 17:55:09'),
('6243949ff06d4a85a1201bc57dbf5fd8', 'M143040001', 'c710a7074a9711f1b452d8bbc14df726', '您借閱的《AI 時代一定要會 - 精通 Markdown 語法和 LLM 順暢溝通》有其他同學希望借閱，請盡速歸還！', '2026-05-11 12:37:56'),
('b7eec30fade44b77b337c00668ba0f70', 'M143040000', 'c710bffe4a9711f1b452d8bbc14df726', '新書上架推薦：《Ollama 本地 AI 全方位攻略：命令列功能、五大主題測試、RAG、Vibe Coding、MCP，一本搞定所有實戰應用》已經可以借閱囉！', '2026-05-08 17:55:05');

-- --------------------------------------------------------

--
-- 資料表結構 `notification_type`
--

CREATE TABLE `notification_type` (
  `type_id` varchar(32) NOT NULL COMMENT 'uuid-32碼',
  `name` varchar(20) NOT NULL COMMENT '通知類型名稱'
) ENGINE=InnoDB DEFAULT CHARSET=utf8mb4 COLLATE=utf8mb4_general_ci;

--
-- 傾印資料表的資料 `notification_type`
--

INSERT INTO `notification_type` (`type_id`, `name`) VALUES
('c710a7074a9711f1b452d8bbc14df726', '催還通知'),
('c710bffe4a9711f1b452d8bbc14df726', '新書通知'),
('c710bffe4a9711f1b452d8bbc14df727', '註冊通知'),
('c710c0ac4a9711f1b452d8bbc14df726', '系統通知');

-- --------------------------------------------------------

--
-- 資料表結構 `user`
--

CREATE TABLE `user` (
  `user_id` varchar(10) NOT NULL COMMENT '學號-10碼',
  `name` varchar(30) NOT NULL COMMENT '姓名',
  `email` varchar(30) NOT NULL,
  `password` varchar(255) NOT NULL,
  `role` enum('admin','student') NOT NULL DEFAULT 'student' COMMENT '角色'
) ENGINE=InnoDB DEFAULT CHARSET=utf8mb4 COLLATE=utf8mb4_general_ci;

--
-- 傾印資料表的資料 `user`
--

INSERT INTO `user` (`user_id`, `name`, `email`, `password`, `role`) VALUES
('A000000001', '管理員', 'admin@lib.edu', 'admin1234', 'admin'),
('M143040000', '測試', 'chatbotnsysucse@gmail.com', '123456', 'student'),
('M143040001', '王曉明', 'm143040001@g-mail.nsysu.edu.tw', '$2y$10$9zwiZO6g17ShpBoCZs1CKesEIm/rwyyUvmkL5ynH3IwE8WQrvWgaG', 'student');

--
-- 已傾印資料表的索引
--

--
-- 資料表索引 `book`
--
ALTER TABLE `book`
  ADD PRIMARY KEY (`book_id`),
  ADD UNIQUE KEY `book_id` (`book_id`),
  ADD KEY `category_id` (`category_id`);

--
-- 資料表索引 `borrow`
--
ALTER TABLE `borrow`
  ADD PRIMARY KEY (`borrow_id`),
  ADD UNIQUE KEY `borrow_id` (`borrow_id`),
  ADD KEY `user_id` (`user_id`),
  ADD KEY `book_id` (`book_id`);

--
-- 資料表索引 `category`
--
ALTER TABLE `category`
  ADD PRIMARY KEY (`category_id`),
  ADD UNIQUE KEY `category_id` (`category_id`);

--
-- 資料表索引 `notification`
--
ALTER TABLE `notification`
  ADD PRIMARY KEY (`notification_id`),
  ADD UNIQUE KEY `notification_id` (`notification_id`),
  ADD KEY `user_id` (`user_id`),
  ADD KEY `type_id` (`type_id`);

--
-- 資料表索引 `notification_type`
--
ALTER TABLE `notification_type`
  ADD PRIMARY KEY (`type_id`),
  ADD UNIQUE KEY `type_id` (`type_id`);

--
-- 資料表索引 `user`
--
ALTER TABLE `user`
  ADD PRIMARY KEY (`user_id`),
  ADD UNIQUE KEY `user_id` (`user_id`);

--
-- 已傾印資料表的限制式
--

--
-- 資料表的限制式 `book`
--
ALTER TABLE `book`
  ADD CONSTRAINT `book_ibfk_1` FOREIGN KEY (`category_id`) REFERENCES `category` (`category_id`);

--
-- 資料表的限制式 `borrow`
--
ALTER TABLE `borrow`
  ADD CONSTRAINT `borrow_ibfk_1` FOREIGN KEY (`user_id`) REFERENCES `user` (`user_id`),
  ADD CONSTRAINT `borrow_ibfk_2` FOREIGN KEY (`book_id`) REFERENCES `book` (`book_id`);

--
-- 資料表的限制式 `notification`
--
ALTER TABLE `notification`
  ADD CONSTRAINT `notification_ibfk_1` FOREIGN KEY (`user_id`) REFERENCES `user` (`user_id`),
  ADD CONSTRAINT `notification_ibfk_2` FOREIGN KEY (`type_id`) REFERENCES `notification_type` (`type_id`);
COMMIT;

/*!40101 SET CHARACTER_SET_CLIENT=@OLD_CHARACTER_SET_CLIENT */;
/*!40101 SET CHARACTER_SET_RESULTS=@OLD_CHARACTER_SET_RESULTS */;
/*!40101 SET COLLATION_CONNECTION=@OLD_COLLATION_CONNECTION */;
